,scenario,year,policy,Population (thousands),GDP per capita (kEUR15/cap),Heating Degree Days (days),Cooling Degree Days (days),Solar PV potential (TWh),Wind potential (TWh),Biomass potential (PJ),Electricity imports (CH) (TWh),Biofuels imports (CH) (PJ),e-fuels imports (CH) (PJ),CO2 storage potential (EU) (Mt CO2),CO2 storage potential (CH) (Mt CO2),Solar PV cost households) (EUR17/kW),Wind cost (EUR17/kW),Electrolyser cost PEM (EUR12/kW),CO2 Capture and Storage cost (gas combined cycle) (EUR17/kW),Heat Pump Cost (detached house) (kEUR10/unit),Electric Vehicles cost (medium car) (kEUR10/veh),Import  Gasoline price (EUR10/GJ),Import Natural gas price (EUR10/GJ),H2 price (from the cheapest non-EU supplier) (EUR10/GJ),e-fuels price (from the cheapest non-EU supplier) (EUR10/GJ),CO2 EMISSIONS BY SECTOR (TOTAL) MtCO2,CO2 EMISSIONS IN ELECTRICITY MtCO2,CO2 EMISSIONS IN INDUSTRY MtCO2,CO2 EMISSIONS IN RESIDENTIAL MtCO2,CO2 EMISSIONS IN SERVICES MtCO2,CO2 EMISSIONS IN DOMESTIC TRANSPORT MtCO2,CO2 EMISSIONS IN OTHER SECTORS MtCO2,DIRECT AIR CAPTURE MtCO2,CO2 EMISSIONS IN INTERNATIONAL AVIATION,ELECTRCIITY ANNUAL NET IMPORTS TWh,ELECTRICITY WINTER NET IMPORTS TWh,BIOFUELS AND E-FUELS ANNUAL NET IMPORTS PJ,TOTAL ELECTRICITY PRODUCTION TWh,NON-HYDRO ELECTRICITY PRODUCTION TWh,HYDRO ELECTRICITY PRODUCTION TWh,HYDROGEN DOMESTIC PRODUCTION (TOTAL) PJ,FINAL ENERGY CONSUMPTION PER CAPITA FROM 2000 LEVELS  % REDUCTION,ELECTRICITY CONSUMPTION PER CAPITA FROM 2000 LEVELS % REDUCTION,CUMULATIVE DISCOUNTED ENERGY SYSTEM COST 2019-2050 BILLION EUR15,ANNUAL ENERGY SYSTEM COST BILLION EUR15
0,0,2020,PP1 + PP3 + PP4 - s_high_o_medium,8606.033,76.37593302279925,3182.0,177.0,16.648,0.607,78.975,-6.394444444444444,6.609,0.0,0.0,0.0,2047.52,3006.01,1410.0,1710.0,14.61955,45.9706396382092,9.639344262295083,6.758043023034456,0.0,0.0,31.09,2.06,5.34,7.24,3.62,12.83,0.0,0.0,2.05,12.13,3.8,4.79,65.71,5.56,36.16,0.0,18.46,-20.96,2730.97,39.15
1,0,2025,PP1 + PP3 + PP4 - s_high_o_medium,8839.056233629908,76.34106855035645,3134.639081771,214.7226050035,58.9507971,15.82599238,90.05542313305278,8.779272247,28.05181938,30.72745286,0.0,0.0,2029.2563890597598,2874.8571343755198,1183.16665861608,1964.4977781000002,16.43843480755025,51.69005631186236,17.507984508461988,8.632854958456917,71.2338512539317,91.97711661408748,27.64,1.88,4.49,7.05,3.21,11.0,0.0,0.0,1.99,-13.63,-2.84,4.75,74.39,12.97,37.07,0.0,31.44,13.91,2730.97,92.79
2,0,2030,PP1 + PP3 + PP4 - s_high_o_medium,9072.079467259815,76.30799511868591,3087.2781635419997,252.44521000700001,58.9507971,15.82599238,101.13584626610557,8.779272247,28.05181938,30.72745286,54.4269173896316,0.0,1846.1301655406398,2685.15195991504,956.3333172321601,1964.4977781000002,14.8811094047297,48.94271436025591,17.929863653244208,9.45448247841172,64.11046612853853,82.77940495267873,19.89,1.74,4.19,3.09,1.69,9.17,0.0,0.0,1.94,-22.79,-6.77,6.66,79.49,22.31,37.4,0.66,43.76,24.44,2730.97,155.25
3,0,2035,PP1 + PP3 + PP4 - s_high_o_medium,9387.314634072081,79.25977951652318,3039.9172453129995,290.1678150105,58.9507971,15.82599238,101.27504026188717,8.779272247,28.05181938,30.72745286,192.10688655695148,27.681863224999997,1663.0039420215198,2495.4365906364997,940.06762940412,1964.4977781000002,14.8811094047297,48.94271436025591,14.840337031243502,9.515875221778037,56.98708100314536,73.58169329126999,10.7,1.72,3.76,2.35,0.63,2.19,0.06,-0.0,2.0,-15.76,-4.76,30.73,83.37,27.97,37.66,6.05,52.74,20.19,2730.97,223.89
4,0,2040,PP1 + PP3 + PP4 - s_high_o_medium,9634.452462914685,82.96576693293078,2992.5563270839993,327.89042001400003,58.9507971,15.82599238,101.41423425766878,8.779272247,28.05181938,30.72745286,384.21377311390296,55.363726449999994,1479.8777185023998,2305.7212213579596,923.80194157608,1964.4977781000002,14.188964781253901,45.902125224888934,14.752524386088178,9.57726796514434,49.86369587775219,64.38398162986124,12.15,2.19,3.01,2.77,0.33,3.63,0.21,-0.0,2.23,-30.21,-7.65,11.89,98.58,48.97,37.92,6.08,55.89,19.22,2730.97,264.04
5,0,2045,PP1 + PP3 + PP4 - s_high_o_medium,9845.946687968992,86.90524141831276,2945.195408854999,365.61302501750004,58.9507971,15.82599238,104.3538536288344,8.779272247,28.05181938,30.72745286,471.5518350366042,55.363726449999994,1296.7406898013398,2116.01604689748,907.53625374804,1964.4977781000002,14.188964781253901,45.902125224888934,14.664711740932855,9.638660708510645,42.74031075235902,55.18626996845249,11.5,2.38,2.98,2.86,0.24,2.82,0.21,-0.0,2.48,-30.15,-7.94,12.4,101.58,57.63,38.18,15.15,57.77,21.07,2730.97,300.89
6,0,2050,PP1 + PP3 + PP4 - s_high_o_medium,10043.487647145614,90.86772473313086,2897.834490626,403.335630021,58.9507971,15.82599238,107.293473,8.779272247,28.05181938,30.72745286,558.8898969593054,55.363726449999994,1113.61446628222,1926.30067761894,891.27056592,1964.4977781000002,14.188964781253901,44.08721088840236,14.57689909577761,9.700053451876963,35.61692562696585,45.98855830704374,4.23,0.5,0.5,3.0,0.11,0.12,0.0,-0.0,2.65,-26.57,-6.26,18.39,109.16,66.39,38.44,33.12,59.79,20.59,2730.97,333.18
7,1,2020,PP1 + PP3 + PP4 - s_high_o_medium,8606.033,76.37593302279925,3182.0,177.0,16.648,0.607,78.975,-6.394444444444444,6.609,0.0,0.0,0.0,2047.52,3006.01,1410.0,1710.0,14.61955,45.9706396382092,9.639344262295083,6.758043023034456,0.0,0.0,31.04,2.04,5.31,7.23,3.63,12.83,0.0,0.0,2.05,1.93,0.73,4.79,65.71,5.56,36.16,0.0,22.38,-4.96,2710.42,39.28
8,1,2025,PP1 + PP3 + PP4 - s_high_o_medium,8947.207038577773,73.21691594114876,3133.3411911706667,199.4977927095,53.79460769,13.31012755,88.5118416452654,13.81792457,15.45518858,48.36273599,0.0,0.0,1792.6866239834399,3230.07204563088,1069.63070588952,1619.85395907,14.96517822290095,47.05745492895168,17.507984508461988,8.632854958456917,108.76807602560788,128.76394503044196,27.64,1.87,4.5,7.04,3.23,11.0,0.0,0.0,1.99,-13.47,-2.99,4.75,74.15,12.63,37.07,0.0,31.72,14.12,2710.42,92.62
9,1,2030,PP1 + PP3 + PP4 - s_high_o_medium,9288.381077155547,70.28996828187233,3084.6823823413333,221.995585419,53.79460769,13.31012755,98.0486832905308,13.81792457,15.45518858,48.36273599,54.4269173896316,0.0,1630.90917034416,3016.92706057776,729.2614117790401,1619.85395907,13.54742449652086,44.55633712629087,17.929863653244208,8.164614627174638,97.8912684230471,115.88755052739776,19.8,1.73,4.21,3.05,1.63,9.17,0.0,0.0,1.98,-21.79,-6.49,8.07,79.34,22.19,37.4,0.24,44.17,23.66,2710.42,154.52
10,1,2035,PP1 + PP3 + PP4 - s_high_o_medium,9611.132257724454,73.00896032688937,3036.023573512,244.4933781285,53.79460769,13.31012755,98.18362840160867,13.81792457,15.45518858,48.36273599,202.73120153712063,32.090684,1469.1317167048799,2803.7706210435,716.8578509542801,1619.85395907,13.54742449652086,44.55633712629087,12.2803137915824,8.217631605273182,87.0144608204863,103.01115602435357,10.03,1.73,3.81,2.26,0.4,1.82,0.0,-0.0,2.0,-13.32,-3.28,42.49,82.03,26.85,37.66,0.48,52.37,16.91,2710.42,222.61
11,1,2040,PP1 + PP3 + PP4 - s_high_o_medium,9864.1624853757,76.42267520102737,2987.3647646826666,266.991170838,53.79460769,13.31012755,98.31857351268653,13.81792457,15.45518858,48.36273599,405.46240307424125,64.181368,1307.3542630655998,2590.6141815092396,704.4542901295201,1619.85395907,12.91731172924082,41.7882537384197,12.207649212933951,8.270648583371713,76.13765321792552,90.13476152130937,12.16,2.34,3.01,3.04,0.07,3.7,0.02,-0.0,2.23,-30.49,-7.14,11.83,100.71,50.34,37.92,0.48,56.36,18.14,2710.42,262.14
12,1,2045,PP1 + PP3 + PP4 - s_high_o_medium,10080.699274433993,80.051463196231,2938.7059558533333,289.4889635475,53.79460769,13.31012755,101.16846125634326,13.81792457,15.45518858,48.36273599,516.7710117797424,64.181368,1145.5672639074598,2377.46919645612,692.0507293047601,1619.85395907,12.91731172924082,41.7882537384197,12.134984634285505,8.323665561470245,65.26084561536473,77.25836701826518,11.25,2.55,3.03,2.73,0.11,2.81,0.02,-0.0,2.48,-27.77,-6.14,2.84,105.41,61.77,38.18,22.08,58.3,20.13,2710.42,298.47
13,1,2050,PP1 + PP3 + PP4 - s_high_o_medium,10282.950116018992,83.70144543050162,2890.047147024,311.986756257,53.79460769,13.31012755,104.018349,13.81792457,15.45518858,48.36273599,628.0796204852435,64.181368,983.7898102681801,2164.31275692186,679.64716848,1619.85395907,12.91731172924082,40.13599688898142,12.062320055637123,8.376682539568788,54.38403801280394,64.38197251522098,4.23,0.5,0.5,3.0,0.11,0.12,0.0,-0.0,2.58,-28.18,-6.89,10.62,112.59,69.93,38.44,33.12,60.92,20.53,2710.42,331.13
14,2,2020,PP1 + PP3 + PP4 - s_high_o_medium,8606.033,76.37593302279925,3182.0,177.0,16.648,0.607,78.975,-6.394444444444444,6.609,0.0,0.0,0.0,2047.52,3006.01,1410.0,1710.0,14.61955,45.9706396382092,9.639344262295083,6.758043023034456,0.0,0.0,31.06,2.04,5.32,7.23,3.63,12.83,0.0,0.0,2.05,1.58,0.48,4.79,65.71,5.56,36.16,0.0,22.43,-4.4,2721.54,39.41
15,2,2025,PP1 + PP3 + PP4 - s_high_o_medium,8968.061029929224,71.94724775612873,3137.3299443136666,206.2829390885,70.53681299,21.4791691,89.36330122513475,11.03853857,22.40365357,38.634885,0.0,0.0,1923.18157606944,3034.13089140288,1132.25861017686,1809.96396147,15.77784567482695,49.61285797338136,17.507984508461988,8.632854958456917,79.02600579199694,122.24005339135051,27.65,1.87,4.51,7.04,3.22,11.0,0.0,0.0,1.99,-13.78,-3.04,4.75,74.4,12.89,37.07,0.0,31.52,14.13,2721.54,92.68
16,2,2030,PP1 + PP3 + PP4 - s_high_o_medium,9330.089059858446,67.86224799813517,3092.659888627333,235.565878177,70.53681299,21.4791691,99.7516024502695,11.03853857,22.40365357,38.634885,54.4269173896316,0.0,1749.6278639481602,2833.91561002176,854.5172203537201,1809.96396147,14.283102400369662,46.97591973468026,17.929863653244208,7.830080603830682,71.12340521279724,110.01604805221547,19.52,1.74,4.2,2.79,1.62,9.17,0.0,0.0,1.94,-21.79,-6.5,10.94,79.39,22.23,37.4,1.41,43.75,23.68,2721.54,155.17
17,2,2035,PP1 + PP3 + PP4 - s_high_o_medium,9654.289502741709,70.48732974129325,3047.989832941,264.8488172655,70.53681299,21.4791691,99.88889130128814,11.03853857,22.40365357,38.634885,196.87069152896808,29.65872125,1576.07415182688,2633.689569006,839.9832601752901,1809.96396147,14.283102400369662,46.97591973468026,15.483833369929268,7.880925283076342,63.220804633597545,97.79204271308042,10.1,1.73,3.81,2.22,0.42,1.89,0.02,-0.0,2.0,-13.84,-4.1,38.63,82.69,27.21,37.66,2.82,52.34,17.16,2721.54,223.5
18,2,2040,PP1 + PP3 + PP4 - s_high_o_medium,9908.455921971501,73.78313952818458,3003.3197772546664,294.131756354,70.53681299,21.4791691,100.02618015230676,11.03853857,22.40365357,38.634885,393.74138305793616,59.3174425,1402.5204397056,2433.46352799024,825.4492999968601,1809.96396147,13.61877205616642,44.05751863992755,15.392213054130833,7.93176996232199,55.31820405439785,85.56803737394537,12.09,2.25,3.01,2.95,0.16,3.63,0.1,-0.0,2.23,-28.39,-7.33,11.89,97.59,47.37,37.92,2.83,56.08,18.51,2721.54,263.58
19,2,2045,PP1 + PP3 + PP4 - s_high_o_medium,10125.965034686365,77.28659410189613,2958.649721568333,323.41469544250003,70.53681299,21.4791691,102.92556502615338,11.03853857,22.40365357,38.634885,491.82752710725003,59.3174425,1228.95648721896,2233.24824660912,810.9153398184301,1809.96396147,13.61877205616642,44.05751863992755,15.300592738332396,7.98261464156764,47.41560347519816,73.34403203481033,11.29,2.48,2.99,2.81,0.11,2.82,0.1,-0.0,2.48,-27.1,-5.72,4.67,102.53,58.75,38.18,22.08,58.0,20.61,2721.54,299.97
20,2,2050,PP1 + PP3 + PP4 - s_high_o_medium,10329.124051176379,80.81051089436878,2913.979665882,352.697634531,70.53681299,21.4791691,105.8249499,11.03853857,22.40365357,38.634885,589.9136711565639,59.3174425,1055.4027750976802,2033.02220559336,796.3813796400001,1809.96396147,13.61877205616642,42.31553780967455,15.208972422534043,8.0334593208133,39.51300289599847,61.12002669567526,4.23,0.5,0.5,3.0,0.11,0.12,0.0,-0.0,2.65,-23.47,-5.49,14.16,107.31,64.67,38.44,33.12,60.5,20.77,2721.54,332.22
21,3,2020,PP1 + PP3 + PP4 - s_high_o_medium,8606.033,76.37593302279925,3182.0,177.0,16.648,0.607,78.975,-6.394444444444444,6.609,0.0,0.0,0.0,2047.52,3006.01,1410.0,1710.0,14.61955,45.9706396382092,9.639344262295083,6.758043023034456,0.0,0.0,31.07,2.06,5.32,7.24,3.62,12.83,0.0,0.0,2.05,12.77,3.99,4.79,65.71,5.56,36.16,0.0,18.21,-21.98,2749.63,39.21
22,3,2025,PP1 + PP3 + PP4 - s_high_o_medium,9018.28759118274,74.39815205454738,3145.06106887,199.976592253,52.13643653,12.50105438,91.06047734801095,5.498513461,36.25371635,19.24479711,0.0,0.0,2183.29129360052,2643.57020331304,1257.0919962058201,2188.90168002,17.397699153841053,54.70642792255604,17.507984508461988,8.632854958456917,84.81830197369345,109.8053455569836,27.63,1.9,4.47,7.06,3.2,11.0,0.0,0.0,1.99,-13.47,-2.59,4.75,74.26,12.95,37.07,0.0,31.42,13.88,2749.63,93.01
23,3,2030,PP1 + PP3 + PP4 - s_high_o_medium,9430.54218236548,72.59328782188689,3108.1221377399997,222.953184506,52.13643653,12.50105438,103.1459546960219,5.498513461,36.25371635,19.24479711,54.4269173896316,0.0,1986.26449521528,2469.12711860408,1104.18399241164,2188.90168002,15.749496076108743,51.798764917753296,17.929863653244208,8.616093878239774,76.3364717763241,98.82481100128524,19.7,1.74,4.2,2.89,1.69,9.17,0.0,0.0,1.98,-22.85,-6.28,10.45,79.61,22.32,37.4,0.76,43.78,24.35,2749.63,154.34
24,3,2035,PP1 + PP3 + PP4 - s_high_o_medium,9758.233154288375,75.40137803637981,3071.1832066099996,245.92977675900002,52.13643653,12.50105438,103.28791521855584,5.498513461,36.25371635,19.24479711,185.18920049904716,24.811199275,1789.23769683004,2294.67465926675,1085.40360297873,2188.90168002,15.749496076108743,51.798764917753296,13.18771377453598,8.672042539786792,67.85464157895476,87.84427644558689,10.72,1.76,3.87,2.31,0.64,2.4,0.01,-0.26,1.98,-13.52,-4.55,19.24,82.65,27.05,37.66,12.68,53.22,20.19,2749.63,225.58
25,3,2040,PP1 + PP3 + PP4 - s_high_o_medium,10015.13607584781,78.92695632952106,3034.2442754799995,268.906369012,52.13643653,12.50105438,103.42987574108976,5.498513461,36.25371635,19.24479711,370.3784009980943,49.62239855,1592.2108984448,2120.2221999294197,1066.6232135458201,2188.90168002,15.016961374894382,48.58074229900279,13.109679965219167,8.727991201333799,59.37281138158541,76.86374188988853,12.18,2.46,3.01,2.7,0.41,3.34,0.27,-0.0,2.23,-32.23,-8.41,10.29,100.11,49.23,37.92,12.68,56.0,19.48,2749.63,265.52
26,3,2045,PP1 + PP3 + PP4 - s_high_o_medium,10234.987017178219,82.67465543679698,2997.3053443499994,291.882961265,52.13643653,12.50105438,106.42792102054489,5.498513461,36.25371635,19.24479711,442.10880091254063,49.62239855,1395.17247468793,1945.77911522046,1047.8428241129102,2188.90168002,15.016961374894382,48.58074229900279,13.031646155902353,8.783939862880805,50.89098118421606,65.88320733419017,11.79,2.62,2.98,2.79,0.31,2.81,0.27,-0.0,2.43,-34.94,-10.09,11.89,104.25,59.18,38.18,16.91,57.74,21.33,2749.63,302.33
27,3,2050,PP1 + PP3 + PP4 - s_high_o_medium,10440.333360867464,86.4442432934117,2960.36641322,314.859553518,52.13643653,12.50105438,109.4259663,5.498513461,36.25371635,19.24479711,513.8392008269869,49.62239855,1198.1456763026902,1771.32665588313,1029.06243468,2188.90168002,15.016961374894382,46.659918693480215,12.95361234658561,8.839888524427824,42.409150986846726,54.9026727784918,4.24,0.5,0.5,3.0,0.11,0.12,0.02,-0.0,2.6,-29.82,-7.06,17.44,107.83,65.03,38.44,34.46,58.67,19.58,2749.63,336.02
28,4,2020,PP1 + PP3 + PP4 - s_high_o_medium,8606.033,76.37593302279925,3182.0,177.0,16.648,0.607,78.975,-6.394444444444444,6.609,0.0,0.0,0.0,2047.52,3006.01,1410.0,1710.0,14.61955,45.9706396382092,9.639344262295083,6.758043023034456,0.0,0.0,31.02,2.03,5.3,7.24,3.62,12.83,0.0,0.0,2.05,11.11,3.5,4.79,65.71,5.56,36.16,0.0,18.82,-19.37,2744.89,39.89
29,4,2025,PP1 + PP3 + PP4 - s_high_o_medium,8555.310641025622,76.53097741484036,3142.2693279116666,211.5376118385,62.28962327,17.45510928,90.67341478985847,6.761986393,33.09503402,23.66695237,0.0,0.0,2123.9699765336,2732.6425172272,1228.6221604488,2102.48013024,17.0282710345176,53.544774729014534,17.507984508461988,8.632854958456917,36.2560253418693,112.18498348720628,27.55,1.87,4.41,7.02,3.24,11.0,0.0,0.0,1.99,-12.95,-2.63,4.75,73.79,12.51,37.07,0.0,31.31,13.82,2744.89,93.01
30,4,2030,PP1 + PP3 + PP4 - s_high_o_medium,8504.588282051245,76.68787121264911,3102.538655823333,246.075223677,62.28962327,17.45510928,102.37182957971696,6.761986393,33.09503402,23.66695237,54.4269173896316,0.0,1932.2965129104,2552.3217564944002,1047.2443208976001,2102.48013024,15.415066410194882,50.698853938857084,17.929863653244208,1.3428885490932982,32.630422807682365,100.96648513848565,19.81,1.76,4.42,2.82,1.63,9.17,0.0,0.0,1.98,-22.96,-6.86,10.92,79.69,22.16,37.4,0.79,43.41,24.4,2744.89,154.54
31,4,2035,PP1 + PP3 + PP4 - s_high_o_medium,8800.10435589488,79.6543501693662,3062.8079837349997,280.6128355155,62.28962327,17.45510928,102.51272466826134,6.761986393,33.09503402,23.66695237,187.85331258230735,25.916738099999996,1740.6230492872,2371.991305265,1029.4323834732002,2102.48013024,15.415066410194882,50.698853938857084,19.549768831100483,1.3516086046068922,29.004820273495437,89.74798678976502,13.39,1.71,3.92,4.11,1.33,2.29,0.08,-0.05,1.98,-21.45,-6.28,23.67,86.45,27.21,37.66,8.7,53.39,24.11,2744.89,224.54
32,4,2040,PP1 + PP3 + PP4 - s_high_o_medium,9031.78282507183,83.37878671449,3023.077311646666,315.150447354,62.28962327,17.45510928,102.65361975680572,6.761986393,33.09503402,23.66695237,375.7066251646147,51.83347619999999,1548.9495856639999,2191.6608540356,1011.6204460488002,2102.48013024,14.698086577162561,47.549163806688455,19.434089725590965,1.360328660120484,25.37921773930851,78.52948844104439,12.48,2.81,3.01,2.97,0.14,3.29,0.27,-0.0,2.19,-33.41,-8.5,10.24,102.21,49.63,37.92,9.49,55.35,18.53,2744.89,264.81
33,4,2045,PP1 + PP3 + PP4 - s_high_o_medium,9230.047326017793,87.33787267279101,2983.3466395583328,349.68805919249996,62.28962327,17.45510928,105.62916427840287,6.761986393,33.09503402,23.66695237,453.44778656774145,51.83347619999999,1357.2648125373998,2011.3400933028,993.8085086244002,2102.48013024,14.698086577162561,47.549163806688455,19.318410620081444,1.369048715634076,21.75361520512158,67.31099009232376,11.94,3.13,2.62,3.01,0.09,2.81,0.27,-0.0,2.4,-33.2,-9.13,12.0,103.79,56.9,38.18,16.48,57.08,20.59,2744.89,301.93
34,4,2050,PP1 + PP3 + PP4 - s_high_o_medium,9415.231388029335,91.32008200297204,2943.6159674699998,384.225671031,62.28962327,17.45510928,108.6047088,6.761986393,33.09503402,23.66695237,531.1889479708682,51.83347619999999,1165.5913489142001,1831.0096420734,975.9965712000001,2102.48013024,14.698086577162561,45.66912756309607,19.20273151457203,1.37776877114767,18.12801267093465,56.09249174360314,4.22,0.5,0.5,3.0,0.11,0.12,0.0,-0.0,2.57,-27.97,-8.17,19.45,107.35,64.6,38.44,33.12,60.0,22.39,2744.89,334.05
35,5,2020,PP1 + PP3 + PP4 - s_high_o_medium,8606.033,76.37593302279925,3182.0,177.0,16.648,0.607,78.975,-6.394444444444444,6.609,0.0,0.0,0.0,2047.52,3006.01,1410.0,1710.0,14.61955,45.9706396382092,9.639344262295083,6.758043023034456,0.0,0.0,31.05,2.03,5.33,7.23,3.63,12.83,0.0,0.0,2.05,1.66,0.37,4.79,65.71,5.56,36.16,0.0,22.42,-4.53,2722.69,39.91
36,5,2025,PP1 + PP3 + PP4 - s_high_o_medium,9188.077399988528,71.82167020016594,3139.3520082626665,212.38540157100002,55.230504,14.01074592,89.6319251360512,10.16168018,24.59579955,35.56588063,0.0,0.0,1964.35095480784,2972.3141279196802,1152.01686050406,1869.9410760300002,16.034231164641803,50.419052757813446,17.507984508461988,8.632854958456917,78.12778473530348,74.45823139357655,27.65,1.87,4.51,7.03,3.24,11.0,0.0,0.0,1.99,-13.56,-3.03,4.75,74.21,12.72,37.07,0.0,31.46,14.07,2722.69,92.81
37,5,2030,PP1 + PP3 + PP4 - s_high_o_medium,9770.121799977054,67.8100379048196,3096.704016525333,247.77080314200003,55.230504,14.01074592,100.28885027210241,10.16168018,24.59579955,35.56588063,54.4269173896316,0.0,1787.0819936457601,2776.17799181536,894.0337210081201,1869.9410760300002,14.51519873851784,47.739265025216014,17.929863653244208,2.9870890324201826,70.31500626177314,67.0124082542189,20.06,1.74,4.2,3.33,1.61,9.17,0.0,0.0,1.98,-21.7,-6.48,4.85,79.39,22.21,37.4,1.87,43.54,23.75,2722.69,154.55
38,5,2035,PP1 + PP3 + PP4 - s_high_o_medium,10109.612430158031,70.4331000307853,3054.0560247879994,283.156204713,55.230504,14.01074592,100.4268785411791,10.16168018,24.59579955,35.56588063,195.02178050008163,28.891470149999996,1609.81303248368,2580.0313152910003,878.82764886609,1869.9410760300002,14.51519873851784,47.739265025216014,11.168379459385038,3.0064857144488877,62.502227788242784,59.56658511486124,11.3,1.73,3.89,2.97,0.52,2.14,0.03,-0.0,2.0,-14.01,-3.93,35.57,82.68,26.87,37.66,3.76,52.77,17.77,2722.69,223.01
39,5,2040,PP1 + PP3 + PP4 - s_high_o_medium,10375.76603891863,73.72637417316733,3011.408033050666,318.541606284,55.230504,14.01074592,100.56490681025579,10.16168018,24.59579955,35.56588063,390.04356100016327,57.78294029999999,1432.5440713216,2383.88463876664,863.62157672406,1869.9410760300002,13.840073215796082,44.77344074547499,11.102294373826519,3.0258823964775883,54.689449314712434,52.120761975503584,12.51,2.54,3.01,2.95,0.15,3.72,0.13,-0.0,2.23,-31.47,-7.95,11.88,100.43,48.79,37.92,3.78,55.45,18.55,2722.69,262.54
40,5,2045,PP1 + PP3 + PP4 - s_high_o_medium,10603.533481458071,77.22713335001808,2968.7600413133323,353.927007855,55.230504,14.01074592,103.47990735512789,10.16168018,24.59579955,35.56588063,483.95819767249486,57.78294029999999,1255.2646505795599,2187.74850266232,848.4155045820299,1869.9410760300002,13.840073215796082,44.77344074547499,11.036209288268,3.045279078506289,46.87667084118208,44.67493883614593,11.72,2.9,2.81,2.95,0.11,2.82,0.13,-0.0,2.48,-29.97,-7.24,5.37,104.96,59.23,38.18,22.08,57.62,20.59,2722.69,300.15
41,5,2050,PP1 + PP3 + PP4 - s_high_o_medium,10816.274037645333,80.74833900293969,2926.112049576,389.31240942600004,55.230504,14.01074592,106.3949079,10.16168018,24.59579955,35.56588063,577.8728343448265,57.78294029999999,1077.9956894174802,1991.60182613796,833.20943244,1869.9410760300002,13.840073215796082,43.003153223825905,10.970124202709542,3.064675760534994,39.06389236765174,37.22911569678828,4.23,0.5,0.5,3.0,0.11,0.12,0.0,-0.0,2.65,-24.88,-6.03,15.41,108.4,65.59,38.44,33.12,60.14,20.68,2722.69,332.44
42,6,2020,PP1 + PP3 + PP4 - s_high_o_medium,8606.033,76.37593302279925,3182.0,177.0,16.648,0.607,78.975,-6.394444444444444,6.609,0.0,0.0,0.0,2047.52,3006.01,1410.0,1710.0,14.61955,45.9706396382092,9.639344262295083,6.758043023034456,0.0,0.0,31.14,2.06,5.39,7.24,3.62,12.83,0.0,0.0,2.05,12.92,4.03,4.79,65.71,5.56,36.16,0.0,18.23,-22.21,2741.4,39.25
43,6,2025,PP1 + PP3 + PP4 - s_high_o_medium,8708.450905470048,73.02915426007857,3150.769212000667,197.8887768645,47.12899137,10.05776648,90.36238862773659,7.777256911,30.55685772,27.22039919,0.0,0.0,2076.3020103490803,2804.2170583461602,1205.7450698216398,2033.03562804,16.7314150777521,52.611322043198435,17.507984508461988,8.632854958456917,93.9477344822517,133.55700861336342,27.63,1.91,4.45,7.06,3.2,11.0,0.0,0.0,1.99,-13.46,-2.71,4.75,74.27,13.05,37.07,0.0,31.41,13.86,2741.4,92.95
44,6,2030,PP1 + PP3 + PP4 - s_high_o_medium,8810.868810940097,69.76018168839411,3119.5384240013336,218.77755372899998,47.12899137,10.05776648,101.74977725547319,7.777256911,30.55685772,27.22039919,54.4269173896316,0.0,1888.9302479191201,2619.17325915432,1001.4901396432799,2033.03562804,15.14633364933348,49.815014542454136,17.929863653244208,11.414552667293034,84.55296103402654,120.20130775202708,19.53,1.74,4.1,2.84,1.67,9.17,0.0,0.0,1.82,-23.13,-6.83,13.89,79.63,22.44,37.4,0.0,43.82,24.38,2741.4,154.96
45,6,2035,PP1 + PP3 + PP4 - s_high_o_medium,9117.027471631,72.45868026089391,3088.3076360020004,239.66633059349996,47.12899137,10.05776648,101.88981620891026,7.777256911,30.55685772,27.22039919,189.9940742505152,26.805099799999997,1701.5584854891601,2434.11951564825,984.4564070724599,2033.03562804,15.14633364933348,49.815014542454136,17.62403611195145,11.488673139158582,75.15818758580137,106.84560689069073,10.7,1.72,3.78,2.34,0.63,2.19,0.06,-0.0,2.0,-19.67,-5.66,27.22,87.15,31.68,37.66,6.26,53.11,20.23,2741.4,224.65
46,6,2040,PP1 + PP3 + PP4 - s_high_o_medium,9357.049508035236,75.84666542681774,3057.0768480026672,260.55510745799995,47.12899137,10.05776648,102.02985516234733,7.777256911,30.55685772,27.22039919,379.9881485010304,53.610199599999994,1514.1867230592,2249.06577214218,967.4226745016399,2033.03562804,14.44185301448076,46.720233348239596,17.519751874602584,11.562793611024114,65.7634141375762,93.48990602935439,12.0,2.27,3.01,2.91,0.2,3.4,0.22,-0.0,2.23,-31.26,-8.62,11.83,100.01,49.86,37.92,6.26,55.86,18.74,2741.4,264.53
47,6,2045,PP1 + PP3 + PP4 - s_high_o_medium,9562.454220146714,79.4481026737222,3025.846060003334,281.44388432249997,47.12899137,10.05776648,104.98731908117367,7.777256911,30.55685772,27.22039919,462.55928979597934,53.610199599999994,1326.8039049434701,2064.02197295034,950.3889419308199,2033.03562804,14.44185301448076,46.720233348239596,17.415467637253712,11.636914082889646,56.36864068935104,80.13420516801804,11.63,2.43,3.06,3.01,0.1,2.81,0.22,-0.0,2.45,-31.54,-8.79,10.03,103.25,58.96,38.18,18.07,57.68,20.61,2741.4,301.79
48,6,2050,PP1 + PP3 + PP4 - s_high_o_medium,9754.307420107518,83.0705744153661,2994.615272004,302.332661187,47.12899137,10.05776648,107.944783,7.777256911,30.55685772,27.22039919,545.1304310909283,53.610199599999994,1139.4321425135101,1878.96822944427,933.3552093599999,2033.03562804,14.44185301448076,44.872972009199415,17.31118339990494,11.711034554755194,46.97386724112585,66.77850430668171,4.23,0.5,0.5,3.0,0.11,0.12,0.0,-0.0,2.62,-26.98,-6.22,18.31,106.92,64.45,38.44,33.12,60.02,20.69,2741.4,333.99
49,7,2020,PP1 + PP3 + PP4 - s_high_o_medium,8606.033,76.37593302279925,3182.0,177.0,16.648,0.607,78.975,-6.394444444444444,6.609,0.0,0.0,0.0,2047.52,3006.01,1410.0,1710.0,14.61955,45.9706396382092,9.639344262295083,6.758043023034456,0.0,0.0,31.05,2.03,5.33,7.23,3.63,12.83,0.0,0.0,2.05,8.17,2.35,4.79,65.71,5.56,36.16,0.0,19.96,-14.74,2727.88,39.59
50,7,2025,PP1 + PP3 + PP4 - s_high_o_medium,8790.26577721934,73.0607430850477,3132.551748638,212.674772145,37.76314533,5.487879532,89.83909038954059,9.485438736,26.28640316,33.19903558,0.0,0.0,1996.10116665728,2924.6404588825603,1167.25460887158,1916.1959912099999,16.231958078448752,51.040797797940854,17.507984508461988,8.632854958456917,74.14901929193032,80.7403347139305,27.66,1.87,4.52,7.03,3.24,11.0,0.0,0.0,1.99,-13.82,-3.19,4.75,74.41,12.89,37.07,0.0,31.5,14.15,2727.88,92.72
51,7,2030,PP1 + PP3 + PP4 - s_high_o_medium,8974.49855443868,69.88166474072654,3083.103497276,248.34954428999998,37.76314533,5.487879532,100.7031807790812,9.485438736,26.28640316,33.19903558,54.4269173896316,0.0,1815.96697051392,2731.6501979571203,924.5092177431601,1916.1959912099999,14.694193628911503,48.327964130519135,17.929863653244208,5.870285780960801,66.73411736273728,72.66630124253744,19.52,1.74,4.28,2.69,1.63,9.17,0.0,0.0,1.98,-21.99,-6.58,10.49,79.4,22.23,37.4,2.09,43.68,24.26,2727.88,155.43
52,7,2035,PP1 + PP3 + PP4 - s_high_o_medium,9286.34299529425,72.58486258199781,3033.655245914,284.024316435,37.76314533,5.487879532,100.8417792942276,9.485438736,26.28640316,33.19903558,193.5958829600961,28.2997589,1635.83277437056,2538.6495656720003,908.7848065373701,1916.1959912099999,14.694193628911503,48.327964130519135,19.03392682645069,5.908404519798214,59.31921543354425,64.59226777114439,10.51,1.73,3.84,2.27,0.45,2.19,0.05,-0.0,2.0,-15.11,-4.34,33.2,83.42,27.88,37.66,5.06,52.69,18.85,2727.88,223.58
53,7,2040,PP1 + PP3 + PP4 - s_high_o_medium,9530.822565353063,75.97874771505549,2984.2069945519997,319.69908858,37.76314533,5.487879532,100.98037780937402,9.485438736,26.28640316,33.19903558,387.1917659201922,56.5995178,1455.6985782272,2345.64893338688,893.06039533158,1916.1959912099999,14.010742762450501,45.32556664214058,18.92130004049531,5.946523258635618,51.90431350435122,56.51823429975134,12.22,2.31,3.01,2.96,0.15,3.62,0.18,-0.0,2.23,-30.2,-7.48,11.89,99.47,49.13,37.92,5.09,55.77,18.49,2727.88,263.73
54,7,2045,PP1 + PP3 + PP4 - s_high_o_medium,9740.041920614653,79.58645664272325,2934.7587431899997,355.37386072500004,37.76314533,5.487879532,103.907421304687,9.485438736,26.28640316,33.19903558,477.889296948207,56.5995178,1275.55375344352,2152.65867246144,877.33598412579,1916.1959912099999,14.010742762450501,45.32556664214058,18.808673254539933,5.984641997473021,44.489411575158194,48.44420082835829,11.54,2.6,2.86,2.97,0.11,2.82,0.18,-0.0,2.45,-28.48,-6.75,11.32,101.29,56.83,38.18,15.28,57.69,20.61,2727.88,300.82
55,7,2050,PP1 + PP3 + PP4 - s_high_o_medium,9935.45809382731,83.21523669540521,2885.310491828,391.04863287,37.76314533,5.487879532,106.8344648,9.485438736,26.28640316,33.19903558,568.5868279762218,56.5995178,1095.41955730016,1959.6580401763201,861.6115729200001,1916.1959912099999,14.010742762450501,43.53344873245402,18.696046468584658,6.022760736310435,37.07450964596516,40.37016735696525,4.23,0.5,0.5,3.0,0.11,0.12,0.0,-0.0,2.62,-23.46,-5.89,18.94,105.51,63.2,38.44,33.12,60.19,20.77,2727.88,332.67
56,8,2020,PP1 + PP3 + PP4 - s_high_o_medium,8606.033,76.37593302279925,3182.0,177.0,16.648,0.607,78.975,-6.394444444444444,6.609,0.0,0.0,0.0,2047.52,3006.01,1410.0,1710.0,14.61955,45.9706396382092,9.639344262295083,6.758043023034456,0.0,0.0,31.36,2.03,5.63,7.21,3.65,12.83,0.0,0.0,2.05,-1.18,0.26,60.24,65.71,5.56,36.14,0.0,25.12,8.9,62217.28,41.72
57,8,2025,PP1 + PP3 + PP4 - s_high_o_medium,8805.179602230606,75.21839268887786,3137.9214526576666,223.0855241315,88.0,30.0,92.74493639629378,0.0,50.0,0.0,0.0,0.0,2441.452,2255.936,1380.99,2565.0,19.005415,59.76183152967196,17.507984508461988,8.632854958456917,59.195577746357245,117.2865133319181,28.8,1.88,5.62,7.11,3.15,11.0,0.03,0.0,4.29,-6.69,-1.51,8.05,70.65,9.37,37.07,2.82,29.19,10.04,62217.28,117.14
58,8,2030,PP1 + PP3 + PP4 - s_high_o_medium,9004.326204461213,74.11205445919187,3093.842905315333,269.171048263,88.0,30.0,106.51487279258758,0.0,50.0,0.0,54.4269173896316,0.0,2221.128,2107.072,1351.98,2565.0,17.204902,56.58547231126218,17.929863653244208,3.9150572223110593,53.27601997172152,105.5578619987263,21.01,1.66,4.47,3.97,1.65,9.17,0.09,0.0,0.0,-19.7,-5.97,57.8,84.41,23.46,37.4,28.55,37.54,25.97,62217.28,7384.0
59,8,2035,PP1 + PP3 + PP4 - s_high_o_medium,9317.207091730683,76.97889437162904,3049.7643579729997,315.2565723945,88.0,30.0,106.66146998143356,0.0,50.0,0.0,173.59523940636444,20.0,2000.804,1958.2,1328.9850000000001,2565.0,17.204902,56.58547231126218,3.56487877340974,3.9404796718065893,47.35646219708579,93.82921066553449,15.76,1.64,5.78,3.7,1.79,2.81,0.14,-0.09,0.79,-14.38,-4.96,16.04,87.55,28.05,37.66,48.26,47.26,25.23,62217.28,7259.59
60,8,2040,PP1 + PP3 + PP4 - s_high_o_medium,9562.499214269073,80.57823335049603,3005.6858106306663,361.342096526,88.0,30.0,106.80806717027953,0.0,50.0,0.0,347.1904788127289,40.0,1780.48,1809.328,1305.9900000000002,2565.0,16.404674,53.07007324567728,3.54378481617062,3.9659021213021126,41.43690442245006,82.10055933234268,12.31,2.34,3.01,1.0,2.11,2.85,1.01,-0.0,0.9,-24.43,-6.05,56.11,94.11,43.41,37.92,70.54,50.35,24.45,62217.28,7503.73
61,8,2045,PP1 + PP3 + PP4 - s_high_o_medium,9772.413931134304,84.40434026297777,2961.607263288333,407.4276206575,88.0,30.0,109.90403358513976,0.0,50.0,0.0,392.76261936750313,40.0,1560.143,1660.464,1282.9950000000003,2565.0,16.404674,53.07007324567728,3.5226908589315005,3.991324570797637,35.517346647814335,70.37190799915088,14.01,2.35,4.71,1.3,1.81,2.82,1.03,-0.0,1.06,-23.83,-7.08,15.4,92.5,49.03,38.18,62.98,52.23,24.47,62217.28,7540.6
62,8,2050,PP1 + PP3 + PP4 - s_high_o_medium,9968.479589684552,88.25279387212684,2917.528715946,453.513144789,88.0,30.0,113.0,0.0,50.0,0.0,438.3347599222773,40.0,1339.8190000000002,1511.592,1260.0,2565.0,16.404674,50.97174694161004,3.5015969016924,4.016747020293167,29.597788873178622,58.64325666595905,3.65,0.15,0.11,1.6,1.51,0.28,0.0,-0.0,1.19,-12.4,-2.77,-1.8,121.56,79.67,38.44,98.34,38.23,-9.7,62217.28,7585.83
63,9,2020,PP1 + PP3 + PP4 - s_high_o_medium,8606.033,76.37593302279925,3182.0,177.0,16.648,0.607,78.975,-6.394444444444444,6.609,0.0,0.0,0.0,2047.52,3006.01,1410.0,1710.0,14.61955,45.9706396382092,9.639344262295083,6.758043023034456,0.0,0.0,31.03,2.03,5.3,7.23,3.63,12.83,0.0,0.0,2.05,2.41,0.62,4.79,65.71,5.56,36.16,0.0,22.21,-5.71,2713.07,39.6
64,9,2025,PP1 + PP3 + PP4 - s_high_o_medium,8879.770587369461,73.7392508505877,3136.6398443513335,204.1518137765,65.67822033,19.10851096,88.93939173195866,12.42228962,18.94427596,43.47801366,0.0,0.0,1858.2130809904,3131.6825722207996,1101.07854799254,1715.31538965,15.3732493215664,48.34061955601048,17.507984508461988,8.632854958456917,92.00964761910738,84.52984461040144,27.66,1.87,4.52,7.04,3.22,11.0,0.0,0.0,1.99,-13.29,-2.88,4.75,73.93,12.4,37.07,0.0,31.67,14.12,2713.07,92.6
65,9,2030,PP1 + PP3 + PP4 - s_high_o_medium,9153.508174738921,71.26026974832727,3091.279688702667,231.303627553,65.67822033,19.10851096,98.90378346391734,12.42228962,18.94427596,43.47801366,54.4269173896316,0.0,1690.5223220255998,2925.0300810015997,792.15709598508,1715.31538965,13.916836227944321,45.77130116967326,17.929863653244208,5.336882143495267,82.80868285719664,76.0768601493613,19.83,1.73,4.22,3.08,1.62,9.17,0.0,0.0,1.98,-21.78,-6.5,7.65,79.34,22.18,37.4,0.84,43.96,23.66,2713.07,154.44
66,9,2035,PP1 + PP3 + PP4 - s_high_o_medium,9471.572813259205,74.0167954846099,3045.9195330540006,258.4554413295,65.67822033,19.10851096,99.03990545554075,12.42228962,18.94427596,43.47801366,199.78841757320137,30.869503425,1522.8315630608,2718.3664842099997,778.68378097881,1715.31538965,13.916836227944321,45.77130116967326,11.732252198685797,5.371537222349137,73.6077180952859,67.62387568832115,10.25,1.73,3.85,2.47,0.4,1.79,0.01,-0.0,2.0,-13.33,-3.76,42.47,82.34,26.84,37.66,1.68,52.43,16.78,2713.07,222.67
67,9,2040,PP1 + PP3 + PP4 - s_high_o_medium,9720.928889202098,77.47763418920906,3000.559377405334,285.607255106,65.67822033,19.10851096,99.17602744716416,12.42228962,18.94427596,43.47801366,399.57683514640274,61.73900685,1355.1408040959998,2511.7028874183998,765.21046597254,1715.31538965,13.26954151966784,42.92773756950781,11.662830588042658,5.406192301202998,64.40675333337516,59.170891227281004,12.29,2.36,3.01,3.07,0.04,3.76,0.06,-0.0,2.23,-29.03,-7.63,11.88,98.91,48.2,37.92,1.69,55.98,18.02,2713.07,262.65
68,9,2045,PP1 + PP3 + PP4 - s_high_o_medium,9934.321433318493,81.15651494159079,2955.1992217566676,312.75906888250006,65.67822033,19.10851096,102.05076957358207,12.42228962,18.94427596,43.47801366,504.24594372314573,61.73900685,1187.4401507035998,2305.0503961992,751.73715096627,1715.31538965,13.26954151966784,42.92773756950781,11.593408977399518,5.440847380056861,55.205788571464424,50.71790676624086,11.39,2.63,2.97,2.8,0.11,2.82,0.06,-0.0,2.49,-27.68,-5.97,3.81,103.91,59.58,38.18,22.08,58.16,20.56,2713.07,298.83
69,9,2050,PP1 + PP3 + PP4 - s_high_o_medium,10133.635470546073,84.85688250396747,2909.839066108,339.91088265900004,65.67822033,19.10851096,104.9255117,12.42228962,18.94427596,43.47801366,608.9150522998887,61.73900685,1019.7493917388001,2098.3867994076,738.26383596,1715.31538965,13.26954151966784,41.230426911970135,11.52398736675644,5.475502458910731,46.00482380955369,42.26492230520072,4.23,0.5,0.5,3.0,0.11,0.12,0.0,-0.0,2.66,-23.83,-4.9,13.24,107.84,65.16,38.44,33.12,60.64,20.76,2713.07,331.46
70,10,2020,PP1 + PP3 + PP4 - s_high_o_medium,8606.033,76.37593302279925,3182.0,177.0,16.648,0.607,78.975,-6.394444444444444,6.609,0.0,0.0,0.0,2047.52,3006.01,1410.0,1710.0,14.61955,45.9706396382092,9.639344262295083,6.758043023034456,0.0,0.0,31.03,2.03,5.3,7.22,3.64,12.83,0.0,0.0,2.05,1.83,0.42,4.79,65.71,5.56,36.16,0.0,22.42,-4.8,2716.16,39.81
71,10,2025,PP1 + PP3 + PP4 - s_high_o_medium,8902.983243876464,73.39952143712506,3158.6653333333334,181.3955,72.31229024,22.34547955,89.11480909648084,11.8496817,20.37579574,41.47388597,0.0,0.0,1885.0975935642798,3091.3148618965597,1113.9811222539001,1754.48177172,15.5406747180553,48.86708258450832,17.507984508461988,8.632854958456917,73.49756189206924,101.06497311936806,27.65,1.87,4.51,7.05,3.22,11.0,0.0,0.0,1.99,-12.82,-2.79,4.75,73.56,12.06,37.07,0.0,31.61,13.98,2716.16,92.69
72,10,2030,PP1 + PP3 + PP4 - s_high_o_medium,9199.933487752927,70.6152517071326,3135.3306666666667,185.791,72.31229024,22.34547955,99.25461819296169,11.8496817,20.37579574,41.47388597,54.4269173896316,0.0,1714.9806950119198,2887.32614253512,817.9622445078,1754.48177172,14.068400271081641,46.26978253076033,17.929863653244208,4.5177868298225885,66.14780570286231,90.95847580743126,19.92,1.74,4.31,3.13,1.57,9.17,0.0,0.0,1.98,-21.59,-6.44,4.85,79.28,22.12,37.4,1.26,43.89,23.69,2716.16,154.51
73,10,2035,PP1 + PP3 + PP4 - s_high_o_medium,9519.611305626973,73.3468265298529,3111.996,190.1865,72.31229024,22.34547955,99.39122304095697,11.8496817,20.37579574,41.47388597,198.5810378093187,30.3684715,1544.8637964595598,2683.3264607532496,804.05002553085,1754.48177172,14.068400271081641,46.26978253076033,14.113704101209864,4.547123107938323,58.79804951365539,80.85197849549445,10.52,1.74,3.89,2.64,0.42,1.81,0.02,-0.0,2.0,-13.45,-3.83,41.47,82.42,26.78,37.66,2.52,52.61,17.15,2716.16,222.96
74,10,2040,PP1 + PP3 + PP4 - s_high_o_medium,9770.23208070561,76.77633917562551,3088.6613333333335,194.582,72.31229024,22.34547955,99.52782788895226,11.8496817,20.37579574,41.47388597,397.1620756186374,60.736943,1374.7468979071998,2479.3267789713796,790.1378065539,1754.48177172,13.41405607242668,43.39525054172402,14.030191059190836,4.576459386054052,51.44829332444847,70.74548118355764,12.23,2.33,3.01,2.96,0.14,3.7,0.09,-0.0,2.23,-28.26,-7.35,11.88,97.77,47.23,37.92,2.54,55.92,18.41,2716.16,263.0
75,10,2045,PP1 + PP3 + PP4 - s_high_o_medium,9984.70692195512,80.42192024411507,3065.326666666667,198.9775,72.31229024,22.34547955,102.41276739447613,11.8496817,20.37579574,41.47388597,499.10709768544757,60.736943,1204.6199617752698,2275.3380596099396,776.2255875769499,1754.48177172,13.41405607242668,43.39525054172402,13.946678017171807,4.60579566416978,44.09853713524155,60.63898387162084,11.5,2.61,2.97,2.9,0.11,2.82,0.09,-0.0,2.48,-26.96,-6.23,4.43,103.14,58.51,38.18,22.08,57.8,20.13,2716.16,299.37
76,10,2050,PP1 + PP3 + PP4 - s_high_o_medium,10185.03185209826,84.08879363301733,3041.9919999999997,203.373,72.31229024,22.34547955,105.2977069,11.8496817,20.37579574,41.47388597,601.0521197522578,60.736943,1034.50306322291,2071.33837782807,762.3133686,1754.48177172,13.41405607242668,41.679454988517314,13.863164975152856,4.635131942285515,36.74878094603462,50.53248655968403,4.23,0.5,0.5,3.0,0.11,0.12,0.0,-0.0,2.65,-22.6,-5.2,14.07,106.73,64.09,38.44,33.12,60.41,20.75,2716.16,331.75
77,11,2020,PP1 + PP3 + PP4 - s_high_o_medium,8606.033,76.37593302279925,3182.0,177.0,16.648,0.607,78.975,-6.394444444444444,6.609,0.0,0.0,0.0,2047.52,3006.01,1410.0,1710.0,14.61955,45.9706396382092,9.639344262295083,6.758043023034456,0.0,0.0,31.07,2.06,5.32,7.25,3.61,12.83,0.0,0.0,2.05,13.68,4.25,4.79,65.71,5.56,36.16,0.0,17.66,-23.4,2774.2,39.41
78,11,2025,PP1 + PP3 + PP4 - s_high_o_medium,9122.716780816561,71.08896689463938,3130.472120718,220.28797027849998,43.5015503,8.287825407,92.3937269328452,1.146439192,47.13390202,4.012537173,0.0,0.0,2387.6255331208004,2336.7576707216,1355.1572855064,2486.58355872,18.6702064958728,58.70778066306562,17.507984508461988,8.632854958456917,67.60915113221554,137.30461292624634,27.65,1.87,4.42,7.05,3.21,11.0,0.09,0.0,2.6,-12.63,-2.21,4.84,73.42,12.1,37.07,1.54,31.11,13.81,2774.2,93.36
79,11,2030,PP1 + PP3 + PP4 - s_high_o_medium,9639.400561633125,66.36877660086478,3078.944241436,263.57594055699997,43.5015503,8.287825407,105.81245386569039,1.146439192,47.13390202,4.012537173,54.4269173896316,0.0,2172.1589960112,2182.5604355632,1300.3145710128001,2486.58355872,16.90145009100064,55.587444563444556,17.929863653244208,6.286899536052515,60.84823601899399,123.5741516336217,20.79,1.76,4.27,3.86,1.74,9.17,0.0,0.0,1.67,-25.19,-6.99,5.16,81.45,22.21,37.4,0.0,43.71,24.18,2774.2,154.9
80,11,2035,PP1 + PP3 + PP4 - s_high_o_medium,9974.348911124876,68.93608712932611,3027.416362154,306.86391083549995,43.5015503,8.287825407,105.95808431029327,1.146439192,47.13390202,4.012537173,176.0125784896506,21.0031343,1956.6924589016,2028.354913795,1278.1983166596,2486.58355872,16.90145009100064,55.587444563444556,9.533034920550719,6.327723559013901,54.08732090577243,109.84369034099706,11.08,1.76,3.87,2.66,0.67,2.48,0.03,-0.39,1.91,-11.65,-3.67,4.01,83.4,27.5,37.66,22.08,53.65,20.34,2774.2,227.57
81,11,2040,PP1 + PP3 + PP4 - s_high_o_medium,10236.941466089094,72.15936472353647,2975.888482872,350.15188111399993,43.5015503,8.287825407,106.10371475489616,1.146439192,47.13390202,4.012537173,352.0251569793012,42.0062686,1741.225921792,1874.1493920268,1256.0820623064,2486.58355872,16.11533613327968,52.13404844082011,9.476626429896548,6.368547581975276,47.32640579255087,96.11322904837242,11.57,1.99,3.01,2.36,0.75,2.64,0.83,-0.0,2.04,-31.19,-8.52,12.72,97.29,48.2,37.92,27.91,56.26,20.67,2774.2,268.91
82,11,2045,PP1 + PP3 + PP4 - s_high_o_medium,10461.66144998342,75.58571738341782,2924.36060359,393.4398513924999,43.5015503,8.287825407,109.17926462744808,1.146439192,47.13390202,4.012537173,403.0512905391735,42.0062686,1525.7466712922,1719.9521568684,1233.9658079532,2486.58355872,16.11533613327968,52.13404844082011,9.420217939242379,6.409371604936652,40.565490679329315,82.38276775574778,11.51,2.29,2.87,2.46,0.65,2.47,0.76,-0.0,2.22,-35.46,-10.18,4.01,102.23,57.92,38.18,22.08,57.52,22.47,2774.2,305.02
83,11,2050,PP1 + PP3 + PP4 - s_high_o_medium,10671.555602664142,79.03208194189929,2872.8327243080003,436.72782167099996,43.5015503,8.287825407,112.2548145,1.146439192,47.13390202,4.012537173,454.07742409904586,42.0062686,1310.2801341826002,1565.7466351002,1211.8495536,2486.58355872,16.11533613327968,50.072731421820166,9.36380944858826,6.4501956278980375,33.80457556610777,68.65230646312317,3.71,0.38,0.11,3.0,0.11,0.11,0.0,-0.0,2.32,-33.21,-10.39,2.21,111.86,68.37,38.44,43.87,56.59,15.83,2774.2,343.05
84,12,2020,PP1 + PP3 + PP4 - s_high_o_medium,8606.033,76.37593302279925,3182.0,177.0,16.648,0.607,78.975,-6.394444444444444,6.609,0.0,0.0,0.0,2047.52,3006.01,1410.0,1710.0,14.61955,45.9706396382092,9.639344262295083,6.758043023034456,0.0,0.0,31.07,2.06,5.32,7.25,3.61,12.83,0.0,0.0,2.05,14.29,4.43,4.79,65.71,5.56,36.16,0.0,17.54,-24.37,2766.52,39.3
85,12,2025,PP1 + PP3 + PP4 - s_high_o_medium,8733.502304189959,75.57567333135653,3126.315,227.1795,57.27071098,15.00622622,91.67680393227643,3.486662776,41.28334306,12.20331971,0.0,0.0,2277.7496967552397,2501.73875125448,1302.4250275782601,2326.51226619,17.9859461772452,56.55614914729696,17.507984508461988,8.632854958456917,52.718101492972515,155.4670847340277,27.57,1.87,4.37,7.03,3.23,11.0,0.06,0.0,2.2,-13.08,-2.18,4.78,73.98,12.78,37.07,1.47,31.1,13.79,2766.52,93.3
86,12,2030,PP1 + PP3 + PP4 - s_high_o_medium,8860.971608379916,74.79843787485053,3070.63,277.359,57.27071098,15.00622622,104.37860786455286,3.486662776,41.28334306,12.20331971,54.4269173896316,0.0,2072.19868686936,2336.65479609496,1194.85005515652,2326.51226619,16.28201443413776,53.550172906214364,17.929863653244208,8.89966371668048,47.44629134367526,139.92037626062495,19.7,1.76,4.19,2.83,1.74,9.17,0.0,0.0,2.26,-23.47,-6.52,5.24,79.76,22.23,37.4,0.0,43.93,24.26,2766.52,154.82
87,12,2035,PP1 + PP3 + PP4 - s_high_o_medium,9168.871233065425,77.6918288171519,3014.945,327.5385,57.27071098,15.00622622,104.52226489654683,3.486662776,41.28334306,12.20331971,180.94708692484872,23.050829925,1866.6476769834799,2171.56196926975,1174.52758217739,2326.51226619,16.28201443413776,53.550172906214364,22.687862046723815,8.957453740814778,42.17448119437801,124.37366778722217,11.24,1.76,3.85,2.44,1.1,2.44,0.03,-0.39,1.93,-17.76,-6.09,12.2,84.84,29.06,37.66,15.79,53.79,23.35,2766.52,226.71
88,12,2040,PP1 + PP3 + PP4 - s_high_o_medium,9410.258149111964,81.32450281284521,2959.26,377.718,57.27071098,15.00622622,104.66592192854081,3.486662776,41.28334306,12.20331971,361.89417384969744,46.10165985,1661.0966670976,2006.46914244454,1154.20510919826,2326.51226619,15.52471143720112,50.22334324292376,22.553614342305274,9.01524376494906,36.90267104508076,108.8269593138194,11.69,2.03,3.01,2.71,0.39,3.01,0.53,-0.0,2.13,-28.87,-8.26,10.23,95.97,46.84,37.92,22.08,56.3,19.93,2766.52,267.63
89,12,2045,PP1 + PP3 + PP4 - s_high_o_medium,9616.830890268582,85.18604493691875,2903.5750000000003,427.89750000000004,57.27071098,15.00622622,107.6997955642704,3.486662776,41.28334306,12.20331971,424.0535301648081,46.10165985,1455.53352887741,1841.38518728502,1133.88263621913,2326.51226619,15.52471143720112,50.22334324292376,22.419366637886732,9.073033789083343,31.630860895783506,93.28025084041663,11.56,2.4,2.86,3.01,0.09,2.7,0.49,-0.0,2.33,-34.03,-9.12,12.2,102.37,58.19,38.18,22.08,57.87,20.6,2766.52,304.07
90,12,2050,PP1 + PP3 + PP4 - s_high_o_medium,9809.775058920679,89.07014071996959,2847.89,478.077,57.27071098,15.00622622,110.7336692,3.486662776,41.28334306,12.20331971,486.21288647991867,46.10165985,1249.98251899153,1676.29236045981,1113.56016324,2326.51226619,15.52471143720112,48.23757318911272,22.285118933468315,9.13082381321764,26.359050746486258,77.73354236701385,4.22,0.5,0.5,3.0,0.11,0.11,0.0,-0.0,2.39,-35.16,-10.04,10.4,115.53,72.77,38.44,43.97,56.9,15.5,2766.52,339.11
91,13,2020,PP1 + PP3 + PP4 - s_high_o_medium,8606.033,76.37593302279925,3182.0,177.0,16.648,0.607,78.975,-6.394444444444444,6.609,0.0,0.0,0.0,2047.52,3006.01,1410.0,1710.0,14.61955,45.9706396382092,9.639344262295083,6.758043023034456,0.0,0.0,31.05,2.04,5.31,7.23,3.63,12.83,0.0,0.0,2.05,4.28,1.27,4.79,65.71,5.56,36.16,0.0,21.41,-8.64,2717.21,39.44
92,13,2025,PP1 + PP3 + PP4 - s_high_o_medium,8685.438993742264,73.6296937854993,3143.3417446436665,195.4229434315,61.34149813,16.99248961,88.84041226798094,12.74538449,18.13653877,44.60884573,0.0,0.0,1843.0434532795198,3154.46011507104,1093.7982510615,1693.2157002,15.278779280660501,48.04356197167362,17.507984508461988,8.632854958456917,62.38555267915761,143.51383673969485,27.65,1.87,4.51,7.04,3.23,11.0,0.0,0.0,1.99,-13.72,-3.21,4.75,74.35,12.84,37.07,0.0,31.54,14.11,2717.21,92.58
93,13,2030,PP1 + PP3 + PP4 - s_high_o_medium,8764.844987484526,70.93321420875316,3104.683489287333,213.84588686299998,61.34149813,16.99248961,98.70582453596188,12.74538449,18.13653877,44.60884573,54.4269173896316,0.0,1676.7216473212798,2946.30458647008,777.596502123,1693.2157002,13.831315980387402,45.490032284783105,17.929863653244208,7.182624522011997,56.14699741124185,129.16245306572537,19.54,1.74,4.36,2.67,1.61,9.17,0.0,0.0,1.94,-21.49,-6.41,7.35,79.1,22.19,37.4,0.84,43.94,23.58,2717.21,154.96
94,13,2035,PP1 + PP3 + PP4 - s_high_o_medium,9069.40441971665,73.67708861751184,3066.0252339309995,232.26883029449996,61.34149813,16.99248961,98.84167407528275,12.74538449,18.13653877,44.60884573,200.46968337934285,31.152211424999997,1510.3998413630397,2738.137871523,764.3708393422501,1693.2157002,13.831315980387402,45.490032284783105,21.43240617636761,7.229264940986107,49.908442143326084,114.8110693917559,9.94,1.73,3.81,2.2,0.4,1.79,0.01,-0.0,2.0,-13.37,-3.39,40.61,82.23,26.85,37.66,1.68,52.48,16.98,2717.21,223.47
95,13,2040,PP1 + PP3 + PP4 - s_high_o_medium,9308.172694197294,77.12204348566316,3027.366978574666,250.69177372599995,61.34149813,16.99248961,98.97752361460364,12.74538449,18.13653877,44.60884573,400.9393667586857,62.304422849999995,1344.0780354048,2529.97115657592,751.1451765615001,1693.2157002,13.187998958043801,42.66394264630313,21.30558720490976,7.2759053599602055,43.66988687541032,100.45968571778641,12.05,2.24,3.01,2.99,0.12,3.65,0.06,-0.0,2.21,-28.29,-7.47,11.75,97.93,47.72,37.92,1.69,56.17,18.29,2717.21,263.43
96,13,2045,PP1 + PP3 + PP4 - s_high_o_medium,9512.504468961728,80.78403967763349,2988.7087232183326,269.11471715749997,61.34149813,16.99248961,101.84651185730182,12.74538449,18.13653877,44.60884573,507.1455451519879,62.304422849999995,1177.74641579268,2321.8156279749596,737.9195137807501,1693.2157002,13.187998958043801,42.66394264630313,21.178768233451912,7.322545778934305,37.431331607494556,86.10830204381693,11.23,2.46,2.99,2.81,0.1,2.82,0.06,-0.0,2.43,-26.23,-5.52,3.39,102.81,59.05,38.18,22.08,58.01,20.17,2717.21,299.67
97,13,2050,PP1 + PP3 + PP4 - s_high_o_medium,9703.35551828406,84.46742406391485,2950.050467862,287.537660589,61.34149813,16.99248961,104.7155001,12.74538449,18.13653877,44.60884573,613.35172354529,62.304422849999995,1011.42460983444,2113.6489130278796,724.693851,1693.2157002,13.187998958043801,40.9770621199559,21.051949261994178,7.369186197908415,31.192776339578806,71.75691836984743,4.23,0.5,0.5,3.0,0.11,0.12,0.0,-0.0,2.59,-26.76,-6.36,12.44,110.38,67.79,38.44,33.12,60.48,20.61,2717.21,331.52
98,14,2020,PP1 + PP3 + PP4 - s_high_o_medium,8606.033,76.37593302279925,3182.0,177.0,16.648,0.607,78.975,-6.394444444444444,6.609,0.0,0.0,0.0,2047.52,3006.01,1410.0,1710.0,14.61955,45.9706396382092,9.639344262295083,6.758043023034456,0.0,0.0,31.02,2.03,5.3,7.23,3.63,12.83,0.0,0.0,2.05,4.37,1.24,4.79,65.71,5.56,36.16,0.0,21.46,-8.79,2707.86,39.7
99,14,2025,PP1 + PP3 + PP4 - s_high_o_medium,9220.33159525318,71.66418701556698,3140.953818047,205.9937616215,45.2365056,9.134363938,88.01637437654634,15.43525887,11.41185283,54.02340604,0.0,0.0,1716.75116032512,3344.09088052224,1033.18731210762,1509.22829295,14.49228422958965,45.57045708335537,17.507984508461988,8.632854958456917,102.53150742835435,124.52591640200004,27.66,1.87,4.51,7.04,3.23,11.0,0.0,0.0,1.99,-12.54,-2.53,4.75,73.27,11.75,37.07,0.0,31.71,14.08,2707.86,92.5
100,14,2030,PP1 + PP3 + PP4 - s_high_o_medium,9834.63019050636,67.54105875955966,3099.907636094,234.987523243,45.2365056,9.134363938,97.05774875309267,15.43525887,11.41185283,54.02340604,54.4269173896316,0.0,1561.82635219968,3123.42205621248,656.37462421524,1509.22829295,13.119330986786421,43.14837366089542,17.929863653244208,4.740156087103528,92.27835668551892,112.07332476180004,19.54,1.74,4.23,2.79,1.61,9.17,0.0,0.0,1.89,-21.66,-6.51,9.82,79.23,22.18,37.4,0.0,44.17,23.74,2707.86,154.38
101,14,2035,PP1 + PP3 + PP4 - s_high_o_medium,10176.362347927334,70.15371609841115,3058.8614541409997,263.9812848645,45.2365056,9.134363938,97.19133003380854,15.43525887,11.41185283,54.02340604,206.14145249469067,33.5058515,1406.90154407424,2902.741373088,645.21075013143,1509.22829295,13.119330986786421,43.14837366089542,26.736590800573047,4.770936321435372,82.02520594268348,99.62073312160004,9.65,1.73,3.87,2.5,0.42,1.12,0.0,-0.0,2.0,-13.42,-3.43,40.35,83.22,27.59,37.66,0.0,53.95,17.17,2707.86,222.25
102,14,2040,PP1 + PP3 + PP4 - s_high_o_medium,10444.27326752665,73.43392695265337,3017.8152721879997,292.975046486,45.2365056,9.134363938,97.32491131452441,15.43525887,11.41185283,54.02340604,412.28290498938134,67.011703,1251.9767359488,2682.0606899635195,634.04687604762,1509.22829295,12.50912954554054,40.4677606651313,26.57838612127965,4.801716555767211,71.77205519984805,87.16814148140004,11.51,2.46,3.01,3.09,0.02,2.94,0.0,-0.0,2.2,-29.65,-7.74,11.66,101.16,50.21,37.92,0.0,57.16,17.94,2707.86,261.94
103,14,2045,PP1 + PP3 + PP4 - s_high_o_medium,10673.544571679487,76.92079981944968,2976.7690902349996,321.96880810749997,45.2365056,9.134363938,100.1459965072622,15.43525887,11.41185283,54.02340604,531.2857114170042,67.011703,1097.0427866380799,2461.39186565376,622.88300196381,1509.22829295,12.50912954554054,40.4677606651313,26.42018144198625,4.832496790099048,61.518904457012624,74.71554984120004,10.95,2.61,2.97,2.88,0.11,2.37,0.0,-0.0,2.34,-26.42,-6.51,0.86,104.73,60.46,38.18,22.08,58.83,20.13,2707.86,298.87
104,14,2050,PP1 + PP3 + PP4 - s_high_o_medium,10887.689772676806,80.42803805816432,2935.722908282,350.962569729,45.2365056,9.134363938,102.9670817,15.43525887,11.41185283,54.02340604,650.288517844627,67.011703,942.1179785126401,2240.71118252928,611.71912788,1509.22829295,12.50912954554054,38.86771450960317,26.261976762692996,4.863277024430894,51.26575371417717,62.26295820100002,4.23,0.5,0.5,3.0,0.11,0.11,0.0,-0.0,2.47,-26.28,-7.31,8.6,110.74,67.91,38.44,33.12,60.78,20.46,2707.86,330.53
105,15,2020,PP1 + PP3 + PP4 - s_high_o_medium,8606.033,76.37593302279925,3182.0,177.0,16.648,0.607,78.975,-6.394444444444444,6.609,0.0,0.0,0.0,2047.52,3006.01,1410.0,1710.0,14.61955,45.9706396382092,9.639344262295083,6.758043023034456,0.0,0.0,31.03,2.03,5.3,7.23,3.64,12.83,0.0,0.0,2.05,2.31,0.55,4.79,65.71,5.56,36.16,0.0,22.24,-5.55,2698.1,39.58
106,15,2025,PP1 + PP3 + PP4 - s_high_o_medium,9388.477107121624,70.33928844236033,3154.1408846566665,203.159449677,50.82992945,11.86356903,87.69978450901812,16.46869076,8.828273107,57.64041765,0.0,0.0,1668.23050012724,3416.94576119848,1009.90099110492,1438.5415527,14.19011804291675,44.620306574044776,17.507984508461988,8.632854958456917,44.92615288913121,43.5680533684892,27.66,1.87,4.52,7.05,3.21,11.0,0.0,0.0,1.99,-12.67,-2.87,4.75,73.45,11.91,37.07,0.0,31.69,14.06,2698.1,92.41
107,15,2030,PP1 + PP3 + PP4 - s_high_o_medium,10170.92121424325,65.23143622581024,3126.281769313333,229.318899354,50.82992945,11.86356903,96.42456901803625,16.46869076,8.828273107,57.64041765,54.4269173896316,0.0,1517.68434287736,3191.46941178296,609.80198220984,1438.5415527,12.8457910704299,42.248723935310416,17.929863653244208,5.449564230514052,40.43353760021809,39.21124803164028,19.49,1.73,4.21,2.8,1.57,9.17,0.0,0.0,1.98,-21.55,-6.47,11.01,79.34,22.18,37.4,0.0,44.2,23.71,2698.1,153.88
108,15,2035,PP1 + PP3 + PP4 - s_high_o_medium,10524.338758388158,67.75475157959958,3098.4226539699994,255.478349031,50.82992945,11.86356903,96.55727884890892,16.46869076,8.828273107,57.64041765,208.32050855562375,34.4101044,1367.13818562748,2965.98094519475,599.4302336773801,1438.5415527,12.8457910704299,42.248723935310416,15.932216567520443,5.48495101123168,35.940922311304966,34.85444269479136,10.26,1.73,3.83,2.47,0.4,1.82,0.0,-0.0,2.0,-13.6,-3.21,44.51,82.14,26.62,37.66,0.0,52.56,17.02,2698.1,221.02
109,15,2040,PP1 + PP3 + PP4 - s_high_o_medium,10801.410778677293,70.92279290254412,3070.563538626666,281.637798708,50.82992945,11.86356903,96.68998867978159,16.46869076,8.828273107,57.64041765,416.6410171112475,68.8202088,1216.5920283776,2740.49247860654,589.05848514492,1438.5415527,12.2483124159913,39.62400210163254,15.837943096706672,5.5203377919493,31.448307022391845,30.497637357942438,12.04,2.3,3.01,3.09,0.01,3.63,0.0,-0.0,2.23,-29.18,-7.4,11.32,99.94,49.3,37.92,0.66,56.3,17.9,2698.1,260.72
110,15,2045,PP1 + PP3 + PP4 - s_high_o_medium,11038.521918196942,74.29042925908463,3042.7044232833323,307.797248385,50.82992945,11.86356903,99.4926698398908,16.46869076,8.828273107,57.64041765,540.5602031217833,68.8202088,1066.0369883004098,2515.01612919102,578.68673661246,1438.5415527,12.2483124159913,39.62400210163254,15.743669625892903,5.555724572666921,26.955691733478723,26.140832021093516,11.03,2.39,2.97,2.86,0.0,2.81,0.0,-0.0,2.49,-26.87,-5.34,2.47,104.72,60.67,38.18,22.08,58.17,19.77,2698.1,297.57
111,15,2050,PP1 + PP3 + PP4 - s_high_o_medium,11259.989723855211,77.67773457675636,3014.84530794,333.956698062,50.82992945,11.86356903,102.295351,16.46869076,8.828273107,57.64041765,664.479389132319,68.8202088,915.4908310505301,2289.52766260281,568.31498808,1438.5415527,12.2483124159913,38.057317135938746,15.649396155079218,5.591111353384549,22.463076444565605,21.7840266842446,3.98,0.5,0.5,2.75,0.11,0.11,0.0,-0.0,2.6,-28.17,-8.77,10.52,112.76,70.45,38.44,33.12,60.57,20.51,2698.1,329.58
112,16,2020,PP1 + PP3 + PP4 - s_high_o_medium,8606.033,76.37593302279925,3182.0,177.0,16.648,0.607,78.975,-6.394444444444444,6.609,0.0,0.0,0.0,2047.52,3006.01,1410.0,1710.0,14.61955,45.9706396382092,9.639344262295083,6.758043023034456,0.0,0.0,31.12,2.06,5.37,7.25,3.62,12.83,0.0,0.0,2.05,13.27,4.13,4.79,65.71,5.56,36.16,0.0,18.08,-22.76,2748.68,39.21
113,16,2025,PP1 + PP3 + PP4 - s_high_o_medium,9001.98355207493,72.98039039201238,3141.424844203667,213.4541058885,30.0,1.7,90.90682149043552,6.000086215,34.99978446,21.00030175,0.0,0.0,2159.7419528237997,2678.9300769276,1245.7900572047402,2154.59410221,17.2510437958958,54.24527551970412,17.507984508461988,8.632854958456917,64.82465060718157,152.96064276870104,27.63,1.91,4.45,7.07,3.2,11.0,0.0,0.0,1.99,-13.48,-2.4,4.75,74.25,13.03,37.07,0.0,31.44,13.91,2748.68,93.02
114,16,2030,PP1 + PP3 + PP4 - s_high_o_medium,9397.934104149857,69.87096744760647,3100.849688407334,249.90821177700002,30.0,1.7,102.83864298087104,6.000086215,34.99978446,21.00030175,54.4269173896316,0.0,1964.8403180531998,2502.1536759252,1081.58011440948,2154.59410221,15.616734383653043,51.36212290302701,17.929863653244208,10.720048491871308,58.34218554646341,137.66457849183092,19.48,1.76,4.08,2.77,1.7,9.17,0.0,0.0,1.82,-22.86,-6.46,11.92,79.63,22.42,37.4,0.78,43.91,24.35,2748.68,155.49
115,16,2035,PP1 + PP3 + PP4 - s_high_o_medium,9724.492015784554,72.57375149078383,3060.2745326110007,286.36231766550003,30.0,1.7,102.9801805480715,6.000086215,34.99978446,21.00030175,186.24679820112019,25.250075449999997,1769.9386832825999,2325.36777490125,1063.18418049711,2154.59410221,15.616734383653043,51.36212290302701,16.54069569022,10.789659196363989,51.85972048574526,122.36851421496083,10.7,1.76,3.83,2.24,0.66,2.35,0.03,-0.17,1.98,-15.85,-4.79,21.0,84.21,28.65,37.66,11.03,53.43,20.71,2748.68,225.31
116,16,2040,PP1 + PP3 + PP4 - s_high_o_medium,9980.506641591946,75.96711709723581,3019.6993768146676,322.81642355400004,30.0,1.7,103.12171811527197,6.000086215,34.99978446,21.00030175,372.49359640224037,50.500150899999994,1575.0370485119997,2148.5818738772996,1044.78824658474,2154.59410221,14.89037464487848,48.17122687468686,16.442821751224578,10.859269900856651,45.3772554250271,107.07244993809073,12.03,2.31,3.01,2.41,0.7,3.33,0.27,-0.0,2.23,-28.61,-7.21,9.42,95.88,46.13,37.92,11.03,56.47,20.48,2748.68,266.07
117,16,2045,PP1 + PP3 + PP4 - s_high_o_medium,10199.597402165826,79.57427376673922,2979.1242210183345,359.27052944250005,30.0,1.7,106.11083105763598,6.000086215,34.99978446,21.00030175,446.6101449994246,50.500150899999994,1380.1239137629498,1971.8054728748998,1026.3923126723698,2154.59410221,14.89037464487848,48.17122687468686,16.34494781222915,10.928880605349315,38.894790364308946,91.77638566122063,11.73,2.61,2.92,2.51,0.6,2.81,0.27,-0.0,2.43,-28.75,-9.42,13.8,96.84,52.72,38.18,14.39,58.21,22.3,2748.68,302.32
118,16,2050,PP1 + PP3 + PP4 - s_high_o_medium,10404.23371778809,83.20249833574697,2938.549065222,395.724635331,30.0,1.7,109.099944,6.000086215,34.99978446,21.00030175,520.7266935966088,50.500150899999994,1185.22227899235,1795.01957185095,1007.9963787600001,2154.59410221,14.89037464487848,46.266595012160096,16.247073873233816,10.998491309841995,32.412325303590784,76.48032138435052,4.24,0.5,0.5,3.0,0.11,0.12,0.02,-0.0,2.6,-26.1,-6.35,19.2,102.73,60.47,38.44,32.99,59.68,20.63,2748.68,335.76
119,17,2020,PP1 + PP3 + PP4 - s_high_o_medium,8606.033,76.37593302279925,3182.0,177.0,16.648,0.607,78.975,-6.394444444444444,6.609,0.0,0.0,0.0,2047.52,3006.01,1410.0,1710.0,14.61955,45.9706396382092,9.639344262295083,6.758043023034456,0.0,0.0,31.32,2.04,5.59,7.21,3.65,12.83,0.0,0.0,2.05,0.39,0.57,35.28,65.7,5.56,36.14,0.0,25.7,9.43,2498.65,41.29
120,17,2025,PP1 + PP3 + PP4 - s_high_o_medium,9057.31691602139,71.25249162824443,3146.2232073953332,199.2195999215,79.86838921,26.03233473,87.0892794338555,20.0,5.0,70.0,0.0,0.0,1502.432,3665.896,930.33,1197.0,13.157595,41.37357567438828,17.507984508461988,8.632854958456917,81.7811762802101,107.15840228339044,28.8,1.91,5.62,7.09,3.17,11.0,0.0,0.0,4.29,-6.66,-0.95,8.05,70.44,9.08,37.07,0.0,29.93,9.54,2498.65,116.31
121,17,2030,PP1 + PP3 + PP4 - s_high_o_medium,9508.600832042779,66.61537345555611,3110.4464147906665,221.43919984299998,79.86838921,26.03233473,95.20355886771101,20.0,5.0,70.0,54.4269173896316,0.0,1366.848,3423.992,450.66,1197.0,11.911086000000001,39.174557753950744,17.929863653244208,6.841649400886742,73.60305865218909,96.4425620550514,20.03,1.73,4.47,3.18,1.48,9.17,0.0,0.0,4.28,-21.36,-6.4,40.18,79.37,21.65,37.4,0.0,42.07,24.1,2498.65,177.45
122,17,2035,PP1 + PP3 + PP4 - s_high_o_medium,9839.004173444024,69.19222296806626,3074.6696221859997,243.65879976449997,79.86838921,26.03233473,95.3345882134937,20.0,5.0,70.0,215.76649599434847,37.5,1231.2640000000001,3182.0750000000003,442.995,1197.0,11.911086000000001,39.174557753950744,7.620048960187829,6.886075695697701,65.42494102416808,85.72672182671235,15.47,1.76,5.42,3.77,1.72,2.8,0.0,-0.0,4.41,-22.06,-6.68,45.73,86.47,27.19,37.66,0.0,49.68,22.81,2498.65,243.6
123,17,2040,PP1 + PP3 + PP4 - s_high_o_medium,10098.033536385861,72.42747682818413,3038.892829581333,265.87839968599997,79.86838921,26.03233473,95.46561755927638,20.0,5.0,70.0,431.53299198869695,75.0,1095.68,2940.158,435.33,1197.0,11.357082,36.74081993931504,7.574959913086107,6.930501990508649,57.246823396147064,75.0108815983733,14.16,3.01,3.01,1.2,1.9,5.04,0.0,-0.0,4.19,-31.85,-8.19,37.15,97.55,45.06,37.92,0.7,52.9,22.35,2498.65,-153.35
124,17,2045,PP1 + PP3 + PP4 - s_high_o_medium,10319.704231796011,75.86656029059438,3003.1160369766662,288.09799960749996,79.86838921,26.03233473,98.23280877963819,20.0,5.0,70.0,572.2517919580849,75.0,960.088,2698.254,427.66499999999996,1197.0,11.357082,36.74081993931504,7.529870865984385,6.9749282853195975,49.06870576812605,64.29504137003426,13.61,3.57,4.06,1.5,1.6,2.87,0.0,-0.0,3.16,-23.47,-7.15,-1.47,103.09,55.97,38.18,34.64,56.04,21.95,2498.65,322.19
125,17,2050,PP1 + PP3 + PP4 - s_high_o_medium,10526.750271854202,79.32573000691916,2967.339244372,310.317599529,79.86838921,26.03233473,101.0,20.0,5.0,70.0,712.9705919274729,75.0,824.5040000000001,2456.337,420.0,1197.0,11.357082,35.288132498037726,7.484781818882704,7.019354580130557,40.89058814010505,53.57920114169522,4.28,0.5,0.5,1.5,1.6,0.18,0.0,-0.0,2.85,-29.58,-5.7,0.78,120.64,79.01,38.44,56.73,60.15,20.56,2498.65,352.97
126,18,2020,PP1 + PP3 + PP4 - s_high_o_medium,8606.033,76.37593302279925,3182.0,177.0,16.648,0.607,78.975,-6.394444444444444,6.609,0.0,0.0,0.0,2047.52,3006.01,1410.0,1710.0,14.61955,45.9706396382092,9.639344262295083,6.758043023034456,0.0,0.0,31.33,2.04,5.6,7.21,3.65,12.83,0.0,0.0,2.05,0.97,0.84,37.89,65.7,5.56,36.14,0.0,25.57,9.0,2566.82,41.43
127,18,2025,PP1 + PP3 + PP4 - s_high_o_medium,9084.001877996434,70.67335610729015,3148.6099524093333,198.322981022,67.81469596,20.15096372,91.47657779283614,4.140253148,39.64936713,14.49088602,0.0,0.0,2247.06297388484,2547.8155672736802,1287.69767599638,2281.80668454,17.794842241218348,55.95522981827975,17.507984508461988,8.632854958456917,88.28552020619853,99.16200646443369,28.8,1.9,5.63,7.08,3.19,11.0,0.0,0.0,4.29,-6.18,-1.19,8.05,70.38,9.04,37.07,1.94,29.76,9.7,2566.82,116.84
128,18,2030,PP1 + PP3 + PP4 - s_high_o_medium,9561.970755992868,65.54088223006653,3115.2199048186667,219.645962044,67.81469596,20.15096372,103.97815558567228,4.140253148,39.64936713,14.49088602,54.4269173896316,0.0,2044.28122652376,2379.6911095733603,1165.3953519927602,2281.80668454,16.10901508152398,52.9811926192477,17.929863653244208,7.334426140922235,79.45696818557867,89.24580581799032,20.99,1.74,4.47,4.06,1.56,9.17,0.0,0.0,4.16,-26.42,-7.76,41.7,81.74,21.0,37.4,0.0,41.65,24.6,2566.82,182.24
129,18,2035,PP1 + PP3 + PP4 - s_high_o_medium,9894.228586978325,68.07616773044296,3081.829857228,240.96894306599998,67.81469596,20.15096372,104.12126147230214,4.140253148,39.64936713,14.49088602,182.32522328769622,23.622721499999997,1841.49947916268,2211.55761680975,1145.5738560245702,2281.80668454,16.10901508152398,52.9811926192477,8.379533353230858,7.382052284694464,70.62841616495882,79.32960517154694,15.6,1.7,5.64,3.71,1.78,3.16,0.07,-0.47,2.27,-19.48,-5.89,26.91,85.3,25.89,37.66,18.45,48.59,23.22,2566.82,262.01
130,18,2040,PP1 + PP3 + PP4 - s_high_o_medium,10154.711831268767,71.259237662068,3048.4398096373334,262.291924088,67.81469596,20.15096372,104.26436735893198,4.140253148,39.64936713,14.49088602,364.65044657539244,47.245442999999995,1638.7177318016,2043.42412404614,1125.7523600563802,2281.80668454,15.35975856610426,49.689711123736565,8.329950315637754,7.429678428466681,61.79986414433897,69.41340452510357,13.81,2.53,3.01,1.11,2.0,4.5,0.67,-0.0,2.93,-31.0,-8.02,41.15,93.03,42.25,37.92,27.25,52.24,23.98,2566.82,-257.76
131,18,2045,PP1 + PP3 + PP4 - s_high_o_medium,10377.626721105098,74.64284946962744,3015.0497620466667,283.61490511,67.81469596,20.15096372,107.28660142946599,4.140253148,39.64936713,14.49088602,429.91914991385227,47.245442999999995,1435.9240195038099,1875.29966634582,1105.9308640881902,2281.80668454,15.35975856610426,49.689711123736565,8.280367278044652,7.477304572238899,52.971312123719116,59.4972038786602,13.79,2.97,4.22,1.46,1.65,2.82,0.67,-0.0,2.53,-27.63,-8.84,14.82,92.42,47.86,38.18,30.06,54.37,24.13,2566.82,338.69
132,18,2050,PP1 + PP3 + PP4 - s_high_o_medium,10585.834870248238,78.04622354427273,2981.659714456,304.937886132,67.81469596,20.15096372,110.3088355,4.140253148,39.64936713,14.49088602,495.18785325231215,47.245442999999995,1233.1422721427302,1707.1661735822101,1086.10936812,2281.80668454,15.35975856610426,47.72504023644075,8.230784240451595,7.524930716011128,44.14276010309926,49.581003232216844,4.43,0.5,0.5,1.48,1.62,0.29,0.04,-0.0,2.77,-28.19,-8.6,1.46,120.08,78.26,38.44,76.46,53.85,13.74,2566.82,372.6
133,19,2020,PP1 + PP3 + PP4 - s_high_o_medium,8606.033,76.37593302279925,3182.0,177.0,16.648,0.607,78.975,-6.394444444444444,6.609,0.0,0.0,0.0,2047.52,3006.01,1410.0,1710.0,14.61955,45.9706396382092,9.639344262295083,6.758043023034456,0.0,0.0,31.07,2.03,5.34,7.24,3.63,12.83,0.0,0.0,2.05,6.8,2.24,4.79,65.71,5.56,36.16,0.0,20.5,-12.6,2736.85,39.86
134,19,2025,PP1 + PP3 + PP4 - s_high_o_medium,8909.775985504672,72.77405196346712,3147.013474066,208.094432225,48.12796293,10.54519571,90.21648766559665,8.253515706,29.36621073,28.88730497,0.0,0.0,2053.94118343028,2837.79235122856,1195.0135307319001,2000.4595261199997,16.5921612909613,52.17344360981192,17.507984508461988,8.632854958456917,54.74804756457965,174.2722134739568,27.65,1.87,4.51,7.04,3.22,11.0,0.0,0.0,1.99,-13.61,-2.91,4.75,74.4,12.9,37.07,0.0,31.39,13.89,2736.85,92.91
135,19,2030,PP1 + PP3 + PP4 - s_high_o_medium,9213.518971009345,69.40965803795143,3112.026948132,239.18886444999998,48.12796293,10.54519571,101.45797533119328,8.253515706,29.36621073,28.88730497,54.4269173896316,0.0,1868.5873295359202,2650.5329960991203,980.0270614638,2000.4595261199997,15.02027232655444,49.400409478755755,17.929863653244208,2.7568296938990304,49.27324280812169,156.84499212656112,19.78,1.76,4.4,2.8,1.64,9.17,0.0,0.0,1.98,-22.39,-6.88,8.87,79.48,22.25,37.4,0.24,43.41,23.75,2736.85,154.48
136,19,2035,PP1 + PP3 + PP4 - s_high_o_medium,9533.668855083431,72.09459747761275,3077.040422198,270.283296675,48.12796293,10.54519571,101.5976126755341,8.253515706,29.36621073,28.88730497,190.99829585336948,27.221826249999996,1683.23347564156,2463.26357759075,963.35838124785,2000.4595261199997,15.02027232655444,49.400409478755755,18.003996487966095,2.774731185417858,43.79843805166372,139.41777077916544,12.77,1.71,3.87,3.9,1.01,2.19,0.08,-0.0,1.98,-18.56,-5.34,28.89,85.8,27.02,37.66,6.8,52.77,20.7,2736.85,224.22
137,19,2040,PP1 + PP3 + PP4 - s_high_o_medium,9784.659720266312,75.46555905071813,3042.0538962640003,301.37772889999997,48.12796293,10.54519571,101.7372500198749,8.253515706,29.36621073,28.88730497,381.99659170673897,54.44365249999999,1497.8796217472,2275.9941590823796,946.6897010319001,2000.4595261199997,14.321655009040281,46.33138581901039,17.89746396436862,2.7926326769366807,38.32363329520576,121.99054943176975,12.36,2.54,3.01,2.94,0.16,3.46,0.24,-0.0,2.22,-32.27,-8.05,11.63,101.1,49.47,37.92,6.82,55.35,18.63,2736.85,264.18
138,19,2045,PP1 + PP3 + PP4 - s_high_o_medium,9999.451275149524,79.0489001731563,3007.0673703300004,332.47216112499996,48.12796293,10.54519571,104.68623240993745,8.253515706,29.36621073,28.88730497,466.8334546935285,54.44365249999999,1312.51483123177,2088.7348039529397,930.0210208159501,2000.4595261199997,14.321655009040281,46.33138581901039,17.79093144077114,2.810534168455504,32.848828538747796,104.56332808437406,11.84,2.94,2.74,3.01,0.09,2.81,0.24,-0.0,2.44,-31.51,-8.71,7.97,104.82,58.95,38.18,21.1,57.32,20.62,2736.85,301.51
139,19,2050,PP1 + PP3 + PP4 - s_high_o_medium,10200.07202384265,82.65317009840902,2972.080844396,363.56659335,48.12796293,10.54519571,107.6352148,8.253515706,29.36621073,28.88730497,551.670317680318,54.44365249999999,1127.1609773374103,1901.46538544457,913.3523405999999,2000.4595261199997,14.321655009040281,44.499499039471495,17.68439891717376,2.8284356599743314,27.374023782289825,87.1361067369784,4.23,0.5,0.5,3.0,0.11,0.12,0.0,-0.0,2.62,-26.46,-6.6,19.68,108.27,65.47,38.44,33.12,59.45,20.59,2736.85,333.54
